order_p,5.0
order_d,2.0
order_q,2.0
mu,0.0
sigma2,0.0006087974151335734
phi1,-0.000568653185485001
phi2,-0.01376273451525063
phi3,-0.040106746169822904
phi4,-0.003257780435241225
phi5,-0.03381559455531913
theta1,-0.0003543470252845613
theta2,-0.012727365013635345
eps1,-1.2079226507921703e-13
eps2,-4.054712121615012e-11
